{"cameraMode":{"drawMode":0,"name":"Shaded","section":"Shading Mode"},"sceneLighting":false,"audioPlay":false,"sceneViewState":{"m_AlwaysRefresh":false,"showFog":true,"showSkybox":true,"showFlares":true,"showImageEffects":true,"showParticleSystems":true,"showVisualEffectGraphs":true,"m_FxEnabled":true},"in2DMode":false,"pivot":{"x":0.9891929626464844,"y":3.6819357872009279,"z":4.5556182861328129},"rotation":{"x":-0.057453103363513949,"y":0.17316515743732453,"z":-0.01094497088342905,"w":-0.9834536910057068},"size":12.669951438903809,"orthographic":false}