{"cameraMode":{"drawMode":0,"name":"Shaded","section":"Shading Mode"},"sceneLighting":true,"audioPlay":false,"sceneViewState":{"m_AlwaysRefresh":false,"showFog":true,"showSkybox":true,"showFlares":true,"showImageEffects":true,"showParticleSystems":true,"showVisualEffectGraphs":true,"m_FxEnabled":true},"in2DMode":false,"pivot":{"x":-3.666525363922119,"y":-2.5694704055786135,"z":15.687512397766114},"rotation":{"x":0.11271265894174576,"y":-0.018217507749795915,"z":-0.001727539231069386,"w":0.9942554235458374},"size":0.1496904194355011,"orthographic":false}