{"cameraMode":{"drawMode":0,"name":"Shaded","section":"Shading Mode"},"sceneLighting":true,"audioPlay":false,"sceneViewState":{"m_AlwaysRefresh":false,"showFog":true,"showSkybox":true,"showFlares":true,"showImageEffects":true,"showParticleSystems":true,"showVisualEffectGraphs":true,"m_FxEnabled":true},"in2DMode":false,"pivot":{"x":-0.4666507840156555,"y":1.0140602588653565,"z":1.1571099758148194},"rotation":{"x":-0.22805935144424439,"y":0.3528243899345398,"z":-0.08671998232603073,"w":-0.9040161371231079},"size":0.1496904194355011,"orthographic":false}