{"cameraMode":{"drawMode":0,"name":"Shaded","section":"Shading Mode"},"sceneLighting":true,"audioPlay":false,"sceneViewState":{"m_AlwaysRefresh":false,"showFog":true,"showSkybox":true,"showFlares":true,"showImageEffects":true,"showParticleSystems":true,"showVisualEffectGraphs":true,"m_FxEnabled":true},"in2DMode":false,"pivot":{"x":-2.5530409812927248,"y":0.7000327706336975,"z":4.7478814125061039},"rotation":{"x":-0.019305670633912088,"y":0.43646180629730227,"z":-0.009022372774779797,"w":-0.8996071219444275},"size":2.8402607440948488,"orthographic":false}