{"cameraMode":{"drawMode":0,"name":"Shaded","section":"Shading Mode"},"sceneLighting":true,"audioPlay":false,"sceneViewState":{"m_AlwaysRefresh":false,"showFog":true,"showSkybox":true,"showFlares":true,"showImageEffects":true,"showParticleSystems":true,"showVisualEffectGraphs":true,"m_FxEnabled":true},"in2DMode":false,"pivot":{"x":-12.172517776489258,"y":-1.9946355819702149,"z":14.117883682250977},"rotation":{"x":0.06845994293689728,"y":0.5696012377738953,"z":0.050673458725214007,"w":-0.8182886242866516},"size":0.1496904194355011,"orthographic":false}