{"cameraMode":{"drawMode":0,"name":"Shaded","section":"Shading Mode"},"sceneLighting":true,"audioPlay":false,"sceneViewState":{"m_AlwaysRefresh":false,"showFog":true,"showSkybox":true,"showFlares":true,"showImageEffects":true,"showParticleSystems":true,"showVisualEffectGraphs":true,"m_FxEnabled":true},"in2DMode":false,"pivot":{"x":347.7645568847656,"y":40.74834442138672,"z":-51.22128677368164},"rotation":{"x":0.08683552592992783,"y":-0.05100317299365997,"z":0.003896960522979498,"w":0.9952844381332398},"size":18.186532974243165,"orthographic":false}