{"cameraMode":{"drawMode":0,"name":"Shaded","section":"Shading Mode"},"sceneLighting":true,"audioPlay":false,"sceneViewState":{"m_AlwaysRefresh":false,"showFog":true,"showSkybox":true,"showFlares":true,"showImageEffects":true,"showParticleSystems":true,"showVisualEffectGraphs":true,"m_FxEnabled":true},"in2DMode":false,"pivot":{"x":-3.4046859741210939,"y":1.9942011833190919,"z":1.0222588777542115},"rotation":{"x":0.060932327061891559,"y":0.6819556951522827,"z":-0.06041047349572182,"w":0.7273327112197876},"size":0.1496904194355011,"orthographic":false}