{"cameraMode":{"drawMode":0,"name":"Shaded","section":"Shading Mode"},"sceneLighting":false,"audioPlay":false,"sceneViewState":{"m_AlwaysRefresh":false,"showFog":true,"showSkybox":false,"showFlares":true,"showImageEffects":true,"showParticleSystems":true,"showVisualEffectGraphs":true,"m_FxEnabled":true},"in2DMode":false,"pivot":{"x":1.9024673700332642,"y":0.6449269652366638,"z":4.827254772186279},"rotation":{"x":-0.032855402678251269,"y":-0.9349902868270874,"z":0.10483440011739731,"w":-0.3413924276828766},"size":0.7053550481796265,"orthographic":false}