{"cameraMode":{"drawMode":0,"name":"Shaded","section":"Shading Mode"},"sceneLighting":false,"audioPlay":false,"sceneViewState":{"m_AlwaysRefresh":false,"showFog":true,"showSkybox":false,"showFlares":true,"showImageEffects":true,"showParticleSystems":true,"showVisualEffectGraphs":true,"m_FxEnabled":true},"in2DMode":false,"pivot":{"x":5.0966715812683109,"y":4.868849277496338,"z":-20.832664489746095},"rotation":{"x":-0.08889057487249375,"y":0.14026829600334168,"z":-0.013471165671944619,"w":-0.9863218069076538},"size":1.0630145072937012,"orthographic":false}